id,timestamp,amount,balance,change,action,initiator_name
66499,04/20/26 17:20:28,500000,72113834,"-500,000",WITHDRAW,tranDvhoa1
66386,04/20/26 16:26:27,100000,72613834,"-100,000",WITHDRAW,tranDvhoa1
65980,04/20/26 12:35:30,306000,72713834,"+306,000",DEPOSIT,Bank Interest
64887,04/18/26 19:28:41,500,72407834,-500,WITHDRAW,tranDvhoa1
64861,04/18/26 19:19:36,306000,72408334,"+306,000",DEPOSIT,Bank Interest
64380,04/18/26 14:25:17,1043993,72102334,"+1,043,993",DEPOSIT,tranDvhoa1
64329,04/18/26 13:49:23,48273888,71058341,"+48,273,888",DEPOSIT,tranDvhoa1
64184,04/18/26 12:14:50,300,22784452,-300,WITHDRAW,tranDvhoa1
64114,04/17/26 21:23:47,429248,22784752,"+429,248",DEPOSIT,tranDvhoa1
64047,04/17/26 20:30:58,2000,22355504,"-2,000",WITHDRAW,tranDvhoa1
64004,04/17/26 20:02:46,200,22357504,-200,WITHDRAW,tranDvhoa1
63983,04/17/26 19:52:51,1000,22357704,"-1,000",WITHDRAW,tranDvhoa1
63982,04/17/26 19:44:45,10000000,22358704,"-10,000,000",WITHDRAW,tranDvhoa1
63945,04/17/26 19:16:34,54,32358704,-54,WITHDRAW,tranDvhoa1
63910,04/17/26 18:51:53,378286,32358758,"+378,286",DEPOSIT,tranDvhoa1
63833,04/17/26 13:35:23,1400000,31980472,"-1,400,000",WITHDRAW,tranDvhoa1
63832,04/17/26 13:27:36,450000,33380472,"-450,000",WITHDRAW,tranDvhoa1
63831,04/17/26 13:23:42,500000,33830472,"-500,000",WITHDRAW,tranDvhoa1
63830,04/17/26 13:16:13,11578496,34330472,"+11,578,496",DEPOSIT,tranDvhoa1
63829,04/17/26 12:19:20,22000,22751976,"-22,000",WITHDRAW,tranDvhoa1
63828,04/17/26 12:16:40,25000,22773976,"-25,000",WITHDRAW,tranDvhoa1
63827,04/17/26 12:12:27,306000,22798976,"+306,000",DEPOSIT,Bank Interest
63761,04/16/26 18:03:10,3000000,22492976,"-3,000,000",WITHDRAW,tranDvhoa1
63760,04/16/26 17:31:48,25000,25492976,"-25,000",WITHDRAW,tranDvhoa1
63759,04/16/26 17:31:44,5,25517976,+5,DEPOSIT,tranDvhoa1
63758,04/16/26 17:29:38,2365908,25517971,"+2,365,908",DEPOSIT,tranDvhoa1
63757,04/16/26 16:13:10,2,23152063,+2,DEPOSIT,tranDvhoa1
63756,04/16/26 12:09:53,306000,23152061,"+306,000",DEPOSIT,Bank Interest
63734,04/15/26 22:41:18,612000,22846061,"+612,000",DEPOSIT,Bank Interest (x2)
63733,04/11/26 14:32:14,10000000,22234061,"-10,000,000",WITHDRAW,tranDvhoa1
63732,04/11/26 14:29:15,306000,32234061,"+306,000",DEPOSIT,Bank Interest
63731,04/10/26 15:54:21,1678545,31928061,"+1,678,545",DEPOSIT,tranDvhoa1
63730,04/10/26 15:41:49,10000000,30249516,"-10,000,000",WITHDRAW,tranDvhoa1
63729,04/10/26 15:01:53,5848717,40249516,"+5,848,717",DEPOSIT,tranDvhoa1
63728,04/10/26 14:57:57,306000,34400799,"+306,000",DEPOSIT,Bank Interest
63091,04/07/26 17:15:22,100000,32507683,"-100,000",WITHDRAW,tranDvhoa1
63090,04/07/26 17:15:15,200000,32607683,"-200,000",WITHDRAW,tranDvhoa1
59995,04/07/26 10:21:28,5584487,32807683,"+5,584,487",DEPOSIT,tranDvhoa1
59884,04/07/26 10:02:08,306000,27223196,"+306,000",DEPOSIT,Bank Interest
59004,04/06/26 22:00:26,200000,26917196,"-200,000",WITHDRAW,tranDvhoa1
58894,04/06/26 21:50:17,5864873,27117196,"+5,864,873",DEPOSIT,tranDvhoa1
58893,04/06/26 21:45:31,500000,21252323,"-500,000",WITHDRAW,tranDvhoa1
58678,04/06/26 21:24:12,2112766,21752323,"+2,112,766",DEPOSIT,tranDvhoa1
58677,04/06/26 21:23:30,500000,19639557,"-500,000",WITHDRAW,tranDvhoa1
58676,04/06/26 21:14:24,18000000,20139557,"+18,000,000",DEPOSIT,tranDvhoa1
58250,04/06/26 20:12:37,11000000,2139558,"-11,000,000",WITHDRAW,tranDvhoa1
58249,04/06/26 20:12:32,11000000,13139558,"+11,000,000",DEPOSIT,tranDvhoa1
58248,04/06/26 20:11:44,500000,2139558,"-500,000",WITHDRAW,tranDvhoa1
58143,04/06/26 19:57:06,500000,2639558,"-500,000",WITHDRAW,tranDvhoa1
57833,04/06/26 19:18:12,16000000,3139558,"-16,000,000",WITHDRAW,tranDvhoa1
57832,04/06/26 19:12:29,5600000,19139558,"-5,600,000",WITHDRAW,tranDvhoa1
57831,04/06/26 19:12:08,500000,24739558,"-500,000",WITHDRAW,tranDvhoa1
57830,04/06/26 19:11:14,10000000,25239558,"-10,000,000",WITHDRAW,tranDvhoa1
57829,04/06/26 19:11:10,6251831,35239558,"+6,251,831",DEPOSIT,tranDvhoa1
57232,04/06/26 17:55:20,3000000,28987726,"-3,000,000",WITHDRAW,tranDvhoa1
57231,04/06/26 17:53:02,10000000,31987726,"-10,000,000",WITHDRAW,tranDvhoa1
56814,04/06/26 16:41:02,700000,41987726,"-700,000",WITHDRAW,tranDvhoa1
56709,04/06/26 16:40:03,4000000,42687726,"-4,000,000",WITHDRAW,tranDvhoa1
56708,04/06/26 16:36:46,2400000,46687726,"-2,400,000",WITHDRAW,tranDvhoa1
56707,04/06/26 16:32:22,5000000,49087726,"+5,000,000",DEPOSIT,tranDvhoa1
56504,04/06/26 16:06:19,6169000,44087726,"-6,169,000",WITHDRAW,tranDvhoa1
56503,04/06/26 16:01:15,500000,50256726,"-500,000",WITHDRAW,tranDvhoa1
56502,04/06/26 16:00:57,15061,50756726,"+15,061",DEPOSIT,tranDvhoa1
56305,04/06/26 15:30:40,7700000,50741665,"-7,700,000",WITHDRAW,tranDvhoa1
56207,04/06/26 15:10:43,5000000,58441665,"+5,000,000",DEPOSIT,tranDvhoa1
55155,04/06/26 12:47:07,306000,53441665,"+306,000",DEPOSIT,Bank Interest
51911,04/05/26 16:11:25,3000000,53135665,"+3,000,000",DEPOSIT,tranDvhoa1
51799,04/05/26 15:58:11,10000000,50135665,"-10,000,000",WITHDRAW,tranDvhoa1
51574,04/05/26 15:30:19,10000000,60135665,"+10,000,000",DEPOSIT,tranDvhoa1
49461,04/05/26 11:10:00,4000000,50135665,"+4,000,000",DEPOSIT,tranDvhoa1
49343,04/05/26 10:51:46,1000000,46135665,"-1,000,000",WITHDRAW,tranDvhoa1
49110,04/05/26 10:11:31,12000000,47135665,"-12,000,000",WITHDRAW,tranDvhoa1
48994,04/05/26 10:07:29,600000,59135665,"-600,000",WITHDRAW,tranDvhoa1
48765,04/05/26 09:31:23,6000000,59735665,"+6,000,000",DEPOSIT,tranDvhoa1
48312,04/05/26 08:37:54,400000,53735665,"+400,000",DEPOSIT,tranDvhoa1
48311,04/05/26 08:34:07,9400000,53335665,"+9,400,000",DEPOSIT,tranDvhoa1
48199,04/05/26 08:13:05,20000000,43935665,"-20,000,000",WITHDRAW,tranDvhoa1
48088,04/05/26 08:04:49,8000000,63935665,"+8,000,000",DEPOSIT,tranDvhoa1
47978,04/05/26 07:49:33,3900667,55935665,"+3,900,667",DEPOSIT,tranDvhoa1
47437,04/04/26 23:37:29,950378,52034998,"+950,378",DEPOSIT,tranDvhoa1
46152,04/04/26 20:36:50,300000,51084620,"-300,000",WITHDRAW,tranDvhoa1
45833,04/04/26 19:44:42,1000000,51384620,"-1,000,000",WITHDRAW,tranDvhoa1
45832,04/04/26 19:43:01,567122,52384620,"+567,122",DEPOSIT,tranDvhoa1
45622,04/04/26 19:15:26,6000000,51817498,"+6,000,000",DEPOSIT,tranDvhoa1
45515,04/04/26 18:57:55,2000000,45817498,"+2,000,000",DEPOSIT,tranDvhoa1
43790,04/04/26 14:46:52,200000,43817498,"-200,000",WITHDRAW,tranDvhoa1
43682,04/04/26 14:34:10,2800000,44017498,"+2,800,000",DEPOSIT,tranDvhoa1
43363,04/04/26 13:47:31,616659,41217498,"+616,659",DEPOSIT,tranDvhoa1
43362,04/04/26 13:47:09,3700000,40600839,"+3,700,000",DEPOSIT,tranDvhoa1
43361,04/04/26 13:46:07,3000000,36900839,"+3,000,000",DEPOSIT,tranDvhoa1
43257,04/04/26 13:26:14,3000000,33900840,"+3,000,000",DEPOSIT,tranDvhoa1
43154,04/04/26 13:13:42,4591039,30900840,"+4,591,039",DEPOSIT,tranDvhoa1
42648,04/04/26 12:00:16,306000,26309801,"+306,000",DEPOSIT,Bank Interest
42347,04/04/26 11:21:57,300000,26003801,"-300,000",WITHDRAW,tranDvhoa1
42346,04/04/26 11:20:25,5000000,26303801,"-5,000,000",WITHDRAW,tranDvhoa1
42345,04/04/26 11:15:57,840732,31303801,"+840,732",DEPOSIT,tranDvhoa1
42150,04/04/26 10:53:07,6500000,30463069,"+6,500,000",DEPOSIT,tranDvhoa1
42149,04/04/26 10:46:10,3000000,23963069,"-3,000,000",WITHDRAW,tranDvhoa1
42053,04/04/26 10:33:42,500000,26963069,"-500,000",WITHDRAW,tranDvhoa1
41864,04/04/26 09:56:35,600000,27463069,"-600,000",WITHDRAW,tranDvhoa1
40933,04/03/26 23:27:23,500000,28063069,"-500,000",WITHDRAW,tranDvhoa1
40840,04/03/26 23:19:50,500000,28563069,"-500,000",WITHDRAW,tranDvhoa1
40839,04/03/26 23:17:02,500000,29063069,"-500,000",WITHDRAW,tranDvhoa1
40568,04/03/26 22:30:35,400000,29563069,"-400,000",WITHDRAW,tranDvhoa1
40389,04/03/26 22:04:51,300000,29963069,"-300,000",WITHDRAW,tranDvhoa1
39580,04/03/26 19:43:38,4000000,30263069,"+4,000,000",DEPOSIT,tranDvhoa1
38665,04/03/26 12:21:17,1000000,26263069,"-1,000,000",WITHDRAW,tranDvhoa1
38664,04/03/26 12:05:41,1000000,27263069,"-1,000,000",WITHDRAW,tranDvhoa1
38663,04/03/26 12:02:56,700000,28263069,"-700,000",WITHDRAW,tranDvhoa1
38662,04/03/26 11:46:55,1000000,28963069,"-1,000,000",WITHDRAW,tranDvhoa1
38572,04/03/26 10:51:40,1700000,29963069,"-1,700,000",WITHDRAW,tranDvhoa1
38571,04/03/26 10:51:29,926251,31663069,"+926,251",DEPOSIT,tranDvhoa1
37584,04/03/26 08:26:17,672351,30736818,"+672,351",DEPOSIT,tranDvhoa1
37474,04/03/26 08:23:04,4700000,30064467,"+4,700,000",DEPOSIT,tranDvhoa1
37473,04/03/26 08:20:59,255000,25364467,"+255,000",DEPOSIT,Bank Interest
37029,04/02/26 23:40:00,1800000,25109467,"+1,800,000",DEPOSIT,tranDvhoa1
35123,04/02/26 19:25:34,2000000,23309467,"-2,000,000",WITHDRAW,tranDvhoa1
35122,04/02/26 19:25:09,2000000,25309467,"-2,000,000",WITHDRAW,tranDvhoa1
35121,04/02/26 19:15:56,683188,27309467,"+683,188",DEPOSIT,tranDvhoa1
34898,04/02/26 18:51:48,900000,26626278,"-900,000",WITHDRAW,tranDvhoa1
34897,04/02/26 18:51:42,422465,27526278,"+422,465",DEPOSIT,tranDvhoa1
34787,04/02/26 18:36:36,1000000,27103814,"+1,000,000",DEPOSIT,tranDvhoa1
34786,04/02/26 18:36:29,71680,26103814,"+71,680",DEPOSIT,tranDvhoa1
32997,04/02/26 12:00:50,1000000,26032134,"-1,000,000",WITHDRAW,tranDvhoa1
32736,04/02/26 11:32:44,400000,27032134,"-400,000",WITHDRAW,tranDvhoa1
32735,04/02/26 11:32:21,3000000,27432134,"-3,000,000",WITHDRAW,tranDvhoa1
32350,04/02/26 10:43:44,3000000,30432134,"+3,000,000",DEPOSIT,tranDvhoa1
31333,04/01/26 22:19:41,822841,27432134,"+822,841",DEPOSIT,tranDvhoa1
31332,04/01/26 22:19:39,1645682,26609293,"+1,645,682",DEPOSIT,tranDvhoa1
31331,04/01/26 22:15:32,255000,24963611,"+255,000",DEPOSIT,Bank Interest
29966,04/01/26 18:01:55,700000,24708610,"-700,000",WITHDRAW,tranDvhoa1
29842,04/01/26 17:46:25,602282,25408610,"+602,282",DEPOSIT,tranDvhoa1
29719,04/01/26 17:28:47,757326,24806328,"+757,326",DEPOSIT,tranDvhoa1
29718,04/01/26 17:28:26,808733,24049002,"+808,733",DEPOSIT,tranDvhoa1
29717,04/01/26 17:28:24,1617466,23240269,"+1,617,466",DEPOSIT,tranDvhoa1
29716,04/01/26 17:28:23,3234933,21622803,"+3,234,933",DEPOSIT,tranDvhoa1
29715,04/01/26 17:28:22,6469865,18387870,"+6,469,865",DEPOSIT,tranDvhoa1
29714,04/01/26 17:28:16,11918005,11918005,"-11,918,005",WITHDRAW,tranDvhoa1
27045,04/01/26 11:55:11,400000,23836010,"-400,000",WITHDRAW,tranDvhoa1
27044,04/01/26 11:55:03,4335,24236010,"-4,335",WITHDRAW,tranDvhoa1
26699,04/01/26 11:08:46,657213,24240345,"+657,213",DEPOSIT,tranDvhoa1
25852,03/31/26 16:10:10,2000000,23583132,"+2,000,000",DEPOSIT,tranDvhoa1
25851,03/31/26 16:10:03,1000000,21583132,"-1,000,000",WITHDRAW,tranDvhoa1
25850,03/31/26 16:09:39,1000000,22583132,"-1,000,000",WITHDRAW,tranDvhoa1
25849,03/31/26 16:05:28,1000000,23583132,"-1,000,000",WITHDRAW,tranDvhoa1
25608,03/31/26 15:39:14,1000000,24583132,"-1,000,000",WITHDRAW,tranDvhoa1
25369,03/31/26 15:05:57,6000000,25583132,"+6,000,000",DEPOSIT,tranDvhoa1
25368,03/31/26 15:02:57,255000,19583132,"+255,000",DEPOSIT,Bank Interest
23138,03/30/26 22:56:55,367383,19328132,"+367,383",DEPOSIT,tranDvhoa1
22220,03/30/26 21:13:11,416802,18960749,"+416,802",DEPOSIT,tranDvhoa1
22219,03/30/26 21:11:58,604603,18543947,"+604,603",DEPOSIT,tranDvhoa1
22218,03/30/26 21:11:57,1209207,17939344,"+1,209,207",DEPOSIT,tranDvhoa1
20809,03/30/26 18:34:52,520000,16730137,"-520,000",WITHDRAW,tranDvhoa1
20808,03/30/26 18:25:53,476672,17250137,"-476,672",WITHDRAW,tranDvhoa1
20681,03/30/26 18:17:40,1000000,17726809,"-1,000,000",WITHDRAW,tranDvhoa1
20680,03/30/26 18:17:33,100000,18726809,"+100,000",DEPOSIT,tranDvhoa1
20679,03/30/26 18:13:33,516927,18626809,"+516,927",DEPOSIT,tranDvhoa1
20555,03/30/26 18:10:12,3000000,18109882,"-3,000,000",WITHDRAW,tranDvhoa1
20554,03/30/26 18:07:38,700000,21109882,"-700,000",WITHDRAW,tranDvhoa1
20311,03/30/26 17:38:04,952284,21809882,"+952,284",DEPOSIT,tranDvhoa1
20310,03/30/26 17:37:50,1500000,20857598,"-1,500,000",WITHDRAW,tranDvhoa1
19238,03/30/26 15:21:02,1000000,22357599,"-1,000,000",WITHDRAW,tranDvhoa1
19237,03/30/26 15:20:52,377496,23357599,"+377,496",DEPOSIT,tranDvhoa1
19236,03/30/26 15:20:51,754993,22980103,"+754,993",DEPOSIT,tranDvhoa1
19119,03/30/26 14:55:53,400000,22225109,"-400,000",WITHDRAW,tranDvhoa1
18773,03/30/26 14:09:35,7100000,22625109,"-7,100,000",WITHDRAW,tranDvhoa1
18658,03/30/26 14:02:22,1000000,29725109,"-1,000,000",WITHDRAW,tranDvhoa1
18543,03/30/26 13:49:28,438148,30725109,"+438,148",DEPOSIT,tranDvhoa1
18542,03/30/26 13:49:19,530758,30286961,"+530,758",DEPOSIT,tranDvhoa1
18541,03/30/26 13:49:18,1061515,29756203,"+1,061,515",DEPOSIT,tranDvhoa1
18540,03/30/26 13:43:25,300000,28694688,"-300,000",WITHDRAW,tranDvhoa1
18539,03/30/26 13:43:16,200000,28994688,"-200,000",WITHDRAW,tranDvhoa1
18429,03/30/26 13:32:41,255000,29194689,"+255,000",DEPOSIT,Bank Interest
15174,03/29/26 18:06:09,494260,28939689,"+494,260",DEPOSIT,tranDvhoa1
14559,03/29/26 17:05:21,400602,28445429,"+400,602",DEPOSIT,tranDvhoa1
14558,03/29/26 17:02:24,563742,28044827,"+563,742",DEPOSIT,tranDvhoa1
14557,03/29/26 17:02:00,967485,27481085,"+967,485",DEPOSIT,tranDvhoa1
14556,03/29/26 17:01:59,1934970,26513600,"+1,934,970",DEPOSIT,tranDvhoa1
14198,03/29/26 16:23:52,5000000,24578630,"-5,000,000",WITHDRAW,tranDvhoa1
14197,03/29/26 16:21:24,501563,29578630,"+501,563",DEPOSIT,tranDvhoa1
13962,03/29/26 15:40:46,493042,29077066,"+493,042",DEPOSIT,tranDvhoa1
13729,03/29/26 15:23:37,445159,28584025,"+445,159",DEPOSIT,tranDvhoa1
13728,03/29/26 15:21:07,742602,28138866,"+742,602",DEPOSIT,tranDvhoa1
13385,03/29/26 14:28:04,673124,27396264,"+673,124",DEPOSIT,tranDvhoa1
13271,03/29/26 14:11:02,825291,26723140,"+825,291",DEPOSIT,tranDvhoa1
12710,03/29/26 13:08:13,767166,25897848,"+767,166",DEPOSIT,tranDvhoa1
12709,03/29/26 13:06:12,255000,25130682,"+255,000",DEPOSIT,Bank Interest
10068,03/28/26 19:48:12,620583,24875682,"+620,583",DEPOSIT,tranDvhoa1
9958,03/28/26 19:30:25,392046,24255099,"+392,046",DEPOSIT,tranDvhoa1
9957,03/28/26 19:30:24,784093,23863053,"+784,093",DEPOSIT,tranDvhoa1
9849,03/28/26 19:12:24,296106,23078959,"+296,106",DEPOSIT,tranDvhoa1
8470,03/28/26 15:56:06,347969,22782854,"+347,969",DEPOSIT,tranDvhoa1
8469,03/28/26 15:56:05,695938,22434885,"+695,938",DEPOSIT,tranDvhoa1
4974,03/27/26 20:35:07,400000,21738946,"+400,000",DEPOSIT,tranDvhoa1
4973,03/27/26 20:35:00,200000,21338946,"-200,000",WITHDRAW,tranDvhoa1
4452,03/27/26 19:30:19,850000,21538946,"+850,000",DEPOSIT,tranDvhoa1
4451,03/27/26 19:29:59,780000,20688946,"+780,000",DEPOSIT,tranDvhoa1
4450,03/27/26 19:02:32,3700000,19908946,"-3,700,000",WITHDRAW,tranDvhoa1
4449,03/27/26 18:01:23,255000,23608946,"+255,000",DEPOSIT,Bank Interest
4243,03/27/26 17:19:44,300000,23353946,"-300,000",WITHDRAW,tranDvhoa1
3594,03/27/26 15:43:18,213,23653946,+213,DEPOSIT,tranDvhoa1
3593,03/27/26 15:43:15,444,23653733,-444,WITHDRAW,tranDvhoa1
3044,03/27/26 14:37:23,3211,23654177,"+3,211",DEPOSIT,tranDvhoa1
3043,03/27/26 14:37:18,123,23650966,-123,WITHDRAW,tranDvhoa1
2934,03/27/26 14:34:44,345,23651089,-345,WITHDRAW,tranDvhoa1
2933,03/27/26 14:34:40,333,23651434,-333,WITHDRAW,tranDvhoa1
2826,03/27/26 13:40:30,555,23651767,-555,WITHDRAW,tranDvhoa1
1532,03/27/26 12:03:24,113,23652322,+113,DEPOSIT,tranDvhoa1
1531,03/27/26 12:03:17,333,23652209,-333,WITHDRAW,tranDvhoa1
1424,03/27/26 11:33:24,275,23652542,-275,WITHDRAW,tranDvhoa1
1423,03/27/26 11:32:37,91,23652817,-91,WITHDRAW,tranDvhoa1
1318,03/27/26 11:20:12,123,23652908,+123,DEPOSIT,tranDvhoa1
1317,03/27/26 11:20:06,321,23652785,-321,WITHDRAW,tranDvhoa1
1214,03/27/26 11:00:12,222,23653106,+222,DEPOSIT,tranDvhoa1
1213,03/27/26 11:00:08,111,23652884,+111,DEPOSIT,tranDvhoa1
1212,03/27/26 11:00:04,200,23652773,-200,WITHDRAW,tranDvhoa1
1013,03/27/26 10:57:09,90,23652973,+90,DEPOSIT,tranDvhoa1
1012,03/27/26 10:56:59,100,23652883,-100,WITHDRAW,tranDvhoa1
914,03/27/26 10:49:30,70,23652983,+70,DEPOSIT,tranDvhoa1
913,03/27/26 10:49:26,56,23652913,-56,WITHDRAW,tranDvhoa1
912,03/27/26 10:49:23,13,23652969,+13,DEPOSIT,tranDvhoa1
911,03/27/26 10:49:18,14,23652956,-14,WITHDRAW,tranDvhoa1
631,03/27/26 01:31:57,13,23652970,-13,WITHDRAW,tranDvhoa1
538,03/27/26 01:28:49,13,23652983,-13,WITHDRAW,tranDvhoa1
537,03/27/26 01:27:25,11,23652996,-11,WITHDRAW,tranDvhoa1
446,03/27/26 01:26:38,12,23653007,-12,WITHDRAW,tranDvhoa1
445,03/27/26 01:26:34,5,23653019,-5,WITHDRAW,tranDvhoa1
89,03/26/26 19:42:09,2,23653024,-2,WITHDRAW,tranDvhoa1
88,03/26/26 19:35:42,89742,23653026,"+89,742",DEPOSIT,tranDvhoa1
87,03/26/26 19:35:35,89742,23563284,"-89,742",WITHDRAW,tranDvhoa1
86,03/26/26 18:26:22,12345677,23653026,"+12,345,677",DEPOSIT,tranDvhoa1
85,03/26/26 18:26:10,12345678,11307349,"-12,345,678",WITHDRAW,tranDvhoa1
84,03/26/26 18:20:18,15000000,23653027,"+15,000,000",DEPOSIT,tranDvhoa1
83,03/26/26 18:19:49,15000000,8653027,"-15,000,000",WITHDRAW,tranDvhoa1
82,03/26/26 18:11:38,381406,23653027,"+381,406",DEPOSIT,tranDvhoa1
81,03/26/26 18:11:36,762812,23271621,"+762,812",DEPOSIT,tranDvhoa1
80,03/26/26 18:11:34,1525624,22508809,"+1,525,624",DEPOSIT,tranDvhoa1
79,03/26/26 18:11:32,3051247,20983185,"+3,051,247",DEPOSIT,tranDvhoa1
78,03/26/26 18:11:30,6102494,17931938,"+6,102,494",DEPOSIT,tranDvhoa1
77,03/26/26 18:10:29,11829445,11829444,"-11,829,445",WITHDRAW,tranDvhoa1
76,03/26/26 18:06:20,375538,23658889,"+375,538",DEPOSIT,tranDvhoa1
75,03/26/26 18:06:18,751076,23283351,"+751,076",DEPOSIT,tranDvhoa1
74,03/26/26 18:06:16,1502152,22532275,"+1,502,152",DEPOSIT,tranDvhoa1
73,03/26/26 18:06:14,3004303,21030123,"+3,004,303",DEPOSIT,tranDvhoa1
72,03/26/26 18:06:11,6008606,18025820,"+6,008,606",DEPOSIT,tranDvhoa1
71,03/26/26 18:06:07,12017213,12017214,"-12,017,213",WITHDRAW,tranDvhoa1
70,03/26/26 18:06:00,12188647,24034427,"+12,188,647",DEPOSIT,tranDvhoa1
69,03/26/26 18:05:57,11845780,11845780,"-11,845,780",WITHDRAW,tranDvhoa1
68,03/26/26 16:45:12,400000,23691560,"-400,000",WITHDRAW,tranDvhoa1
67,03/26/26 16:08:31,300000,24091560,"-300,000",WITHDRAW,tranDvhoa1
66,03/26/26 16:07:38,441949,24391560,"+441,949",DEPOSIT,tranDvhoa1
65,03/26/26 15:06:17,488467,23949611,"+488,467",DEPOSIT,tranDvhoa1
64,03/26/26 15:06:15,976933,23461144,"+976,933",DEPOSIT,tranDvhoa1
63,03/26/26 14:50:45,255000,22484211,"+255,000",DEPOSIT,Bank Interest
62,03/25/26 11:49:01,255000,22229211,"+255,000",DEPOSIT,Bank Interest
61,03/24/26 20:52:37,700000,21974211,"-700,000",WITHDRAW,tranDvhoa1
60,03/24/26 20:15:33,461522,22674211,"+461,522",DEPOSIT,tranDvhoa1
59,03/24/26 19:25:24,300000,22212689,"-300,000",WITHDRAW,tranDvhoa1
58,03/24/26 19:17:09,237362,22512689,"+237,362",DEPOSIT,tranDvhoa1
57,03/24/26 19:17:07,474724,22275327,"+474,724",DEPOSIT,tranDvhoa1
56,03/24/26 19:17:06,949447,21800603,"+949,447",DEPOSIT,tranDvhoa1
55,03/24/26 18:39:23,1400000,20851156,"-1,400,000",WITHDRAW,tranDvhoa1
54,03/24/26 18:39:07,33090,22251156,"-33,090",WITHDRAW,tranDvhoa1
53,03/24/26 16:11:39,251984,22284246,"+251,984",DEPOSIT,tranDvhoa1
52,03/24/26 16:11:38,503967,22032262,"+503,967",DEPOSIT,tranDvhoa1
51,03/24/26 15:04:24,500000,21528295,"-500,000",WITHDRAW,tranDvhoa1
50,03/24/26 13:52:50,200000,22028295,"-200,000",WITHDRAW,tranDvhoa1
49,03/24/26 13:52:45,102664,22228295,"+102,664",DEPOSIT,tranDvhoa1
48,03/24/26 11:04:54,318901,22125631,"+318,901",DEPOSIT,tranDvhoa1
47,03/24/26 11:04:53,637802,21806730,"+637,802",DEPOSIT,tranDvhoa1
46,03/24/26 10:42:22,624181,21168928,"+624,181",DEPOSIT,tranDvhoa1
45,03/24/26 10:42:20,1248362,20544747,"+1,248,362",DEPOSIT,tranDvhoa1
44,03/24/26 10:42:19,2496725,19296385,"+2,496,725",DEPOSIT,tranDvhoa1
43,03/24/26 09:37:27,300000,16799660,"-300,000",WITHDRAW,tranDvhoa1
42,03/24/26 09:29:46,1000000,17099660,"-1,000,000",WITHDRAW,tranDvhoa1
41,03/24/26 08:51:48,260822,18099660,"+260,822",DEPOSIT,tranDvhoa1
40,03/24/26 08:51:32,483021,17838838,"+483,021",DEPOSIT,tranDvhoa1
39,03/24/26 08:51:31,966041,17355817,"+966,041",DEPOSIT,tranDvhoa1
38,03/24/26 08:12:51,391738,16389776,"+391,738",DEPOSIT,tranDvhoa1
37,03/24/26 08:10:47,255000,15998038,"+255,000",DEPOSIT,Bank Interest
36,03/23/26 14:25:01,500000,15743038,"-500,000",WITHDRAW,tranDvhoa1
35,03/22/26 23:06:30,326430,16243038,"+326,430",DEPOSIT,tranDvhoa1
34,03/22/26 23:03:53,301268,15916608,"+301,268",DEPOSIT,tranDvhoa1
33,03/22/26 21:58:16,200000,15615340,"-200,000",WITHDRAW,tranDvhoa1
32,03/22/26 21:57:54,1155925,15815340,"+1,155,925",DEPOSIT,tranDvhoa1
31,03/22/26 21:16:40,5000000,14659415,"-5,000,000",WITHDRAW,tranDvhoa1
30,03/22/26 20:52:24,700000,19659415,"-700,000",WITHDRAW,tranDvhoa1
29,03/22/26 20:49:02,200000,20359415,"-200,000",WITHDRAW,tranDvhoa1
28,03/22/26 20:48:42,650000,20559415,"-650,000",WITHDRAW,tranDvhoa1
27,03/22/26 19:33:14,375000,21209415,"-375,000",WITHDRAW,tranDvhoa1
26,03/22/26 19:32:12,700000,21584415,"-700,000",WITHDRAW,tranDvhoa1
25,03/22/26 18:43:43,600000,22284415,"-600,000",WITHDRAW,tranDvhoa1
24,03/22/26 18:20:27,500000,22884415,"-500,000",WITHDRAW,tranDvhoa1
23,03/22/26 18:16:39,364749,23384415,"+364,749",DEPOSIT,tranDvhoa1
22,03/22/26 18:13:51,299749,23019666,"+299,749",DEPOSIT,tranDvhoa1
21,03/22/26 18:13:50,599498,22719917,"+599,498",DEPOSIT,tranDvhoa1
20,03/22/26 18:07:19,255000,22120419,"+255,000",DEPOSIT,Bank Interest
19,03/21/26 14:25:51,255000,21865419,"+255,000",DEPOSIT,Bank Interest
18,03/20/26 23:17:43,600000,21610419,"-600,000",WITHDRAW,tranDvhoa1
17,03/20/26 18:08:32,400000,22210419,"-400,000",WITHDRAW,tranDvhoa1
16,03/20/26 18:07:57,300000,22610419,"-300,000",WITHDRAW,tranDvhoa1
14,03/20/26 17:57:56,521069,22649885,"+521,069",DEPOSIT,tranDvhoa1
13,03/20/26 17:57:55,1042138,22128816,"+1,042,138",DEPOSIT,tranDvhoa1
12,03/20/26 17:13:27,451890,21086678,"+451,890",DEPOSIT,tranDvhoa1
11,03/20/26 17:13:26,903781,20634788,"+903,781",DEPOSIT,tranDvhoa1
10,03/20/26 17:04:23,733103,19731007,"+733,103",DEPOSIT,tranDvhoa1
9,03/20/26 17:03:59,2000000,18997904,"-2,000,000",WITHDRAW,tranDvhoa1
8,03/20/26 16:22:49,700000,20997904,"-700,000",WITHDRAW,tranDvhoa1
7,03/20/26 16:10:56,300000,21697904,"-300,000",WITHDRAW,tranDvhoa1
6,03/20/26 15:34:04,268637,21997904,"+268,637",DEPOSIT,tranDvhoa1
5,03/20/26 15:34:03,537274,21729267,"+537,274",DEPOSIT,tranDvhoa1
4,03/20/26 14:08:52,600000,21191993,"-600,000",WITHDRAW,tranDvhoa1
3,03/20/26 14:06:22,300000,21791993,"-300,000",WITHDRAW,tranDvhoa1
2,03/20/26 13:34:57,200000,22091993,"-200,000",WITHDRAW,tranDvhoa1
1,03/20/26 00:05:22,250000,22291993,"+250,000",DEPOSIT,Bank Interest
